sequence,length,mw,net_charge,gravy,toxicity,hemolysis,solubility,permeability,stability,bitterness,flags,developability
LKP,3,356.5,1.0,-0.567,0.1,0.25,1.0,0.9,0.625,0.2723,moderate_hydrophobic_moment:2.28; moderate_hydrophobic_fraction:0.67; high_hydrophobic_moment:2.28; good_charged_fraction:0.33; hydrophilic:-0.57; n_terminal_susceptible:L; Q_value:1180_cal/mol(not_bitter),0.8304
LIWKL,5,671.9,1.0,1.46,0.1,0.4,0.51,0.914,0.4375,0.831,moderate_hydrophobic_moment:2.32; high_hydrophobic_fraction:0.80; high_hydrophobic_moment:2.32; high_GRAVY:1.46; moderate_MW:672; chymotrypsin_site:W@2; n_terminal_susceptible:L; Q_value:1862_cal/mol(bitter); bitter_dipeptide:LI@0,0.5994
IVY,3,393.5,0.0,2.467,0.1,0.25,0.2583,1.0,0.625,1.0,moderate_hydrophobic_moment:2.26; moderate_hydrophobic_fraction:0.67; high_hydrophobic_moment:2.26; high_GRAVY:2.47; n_terminal_susceptible:I; Q_value:2510_cal/mol(bitter); bitter_dipeptide:IV@0,0.5829
LAP,3,299.4,0.0,1.333,0.1,0.3,0.5417,1.0,0.625,0.7617,moderate_hydrophobic_moment:1.83; high_hydrophobic_fraction:1.00; high_GRAVY:1.33; n_terminal_susceptible:L; Q_value:1923_cal/mol(bitter),0.6678
IW,2,317.4,0.0,1.8,0.1,0.4,0.425,1.0,1.0,1.0,moderate_hydrophobic_moment:2.37; high_hydrophobic_fraction:1.00; high_hydrophobic_moment:2.37; high_GRAVY:1.80; Q_value:2985_cal/mol(bitter),0.65
RYLGY,5,670.7,1.0,-0.74,0.1,0.0,1.0,0.6146,0.4375,0.543,moderate_hydrophobic_moment:1.91; moderate_MW:671; hydrophilic:-0.74; many_hbond_donors:7; chymotrypsin_site:Y@1; n_terminal_susceptible:R; Q_value:1486_cal/mol(bitter),0.7706
FFVAP,5,579.6,0.0,2.0,0.0,0.3,0.225,0.9602,0.0625,1.0,high_hydrophobic_fraction:1.00; high_GRAVY:2.00; hydrophobic_stretch:5; moderate_MW:580; chymotrypsin_site:F@0; chymotrypsin_site:F@1; n_terminal_susceptible:F; Q_value:2068_cal/mol(bitter); bitter_dipeptide:FF@0; bitter_dipeptide:FV@1,0.5054
LRP,3,384.5,1.0,-0.767,0.1,0.25,1.0,0.9,0.625,0.5183,moderate_hydrophobic_moment:2.41; moderate_hydrophobic_fraction:0.67; high_hydrophobic_moment:2.41; good_charged_fraction:0.33; hydrophilic:-0.77; n_terminal_susceptible:L; Q_value:1437_cal/mol(bitter),0.7935
VW,2,303.3,0.0,1.65,0.1,0.4,0.4625,1.0,1.0,1.0,moderate_hydrophobic_moment:2.22; high_hydrophobic_fraction:1.00; high_hydrophobic_moment:2.22; high_GRAVY:1.65; Q_value:2345_cal/mol(bitter); bitter_dipeptide:VW@0,0.6575
IKP,3,356.5,1.0,-0.333,0.1,0.25,1.0,1.0,0.625,0.4267,moderate_hydrophobic_moment:2.48; moderate_hydrophobic_fraction:0.67; high_hydrophobic_moment:2.48; good_charged_fraction:0.33; n_terminal_susceptible:I; Q_value:1363_cal/mol(borderline),0.8173
VAP,3,285.3,0.0,1.467,0.1,0.3,0.5083,1.0,0.625,0.64,moderate_hydrophobic_moment:1.96; high_hydrophobic_fraction:1.00; high_GRAVY:1.47; n_terminal_susceptible:V; Q_value:1680_cal/mol(bitter),0.6794
IY,2,294.4,0.0,1.6,0.1,0.1,0.475,1.0,1.0,1.0,moderate_hydrophobic_moment:2.45; high_hydrophobic_moment:2.45; high_GRAVY:1.60; Q_value:2920_cal/mol(bitter),0.705
LKPNM,5,601.7,1.0,-0.66,0.0,0.15,1.0,0.8491,0.8125,0.2188,moderate_hydrophobic_fraction:0.60; moderate_MW:602; hydrophilic:-0.66; n_terminal_susceptible:L; Q_value:948_cal/mol(not_bitter),0.9015
VRP,3,370.4,1.0,-0.633,0.2,0.25,1.0,0.9,0.625,0.2754,high_hydrophobic_moment:2.52; moderate_hydrophobic_fraction:0.67; high_hydrophobic_moment:2.52; good_charged_fraction:0.33; hydrophilic:-0.63; n_terminal_susceptible:V; Q_value:1193_cal/mol(not_bitter),0.8049
IAP,3,299.4,0.0,1.567,0.1,0.4,0.4833,1.0,0.625,0.8533,moderate_hydrophobic_moment:2.05; high_hydrophobic_fraction:1.00; high_hydrophobic_moment:2.05; high_GRAVY:1.57; n_terminal_susceptible:I; Q_value:2107_cal/mol(bitter),0.6274
MAP,3,317.4,0.0,0.7,0.0,0.3,0.7,1.0,0.625,0.575,high_hydrophobic_fraction:1.00; moderate_GRAVY:0.70; n_terminal_susceptible:M; Q_value:1550_cal/mol(bitter),0.7525
AKK,3,345.5,2.0,-2.0,0.3,0.45,1.0,0.8,0.0,0.0,"cationic_density:0.67; moderate_hydrophobic_moment:2.21; amphipathic_cationic:HM=2.21,charge=+2; high_hydrophobic_moment:2.21; good_charged_fraction:0.67; charged:+2; hydrophilic:-2.00; trypsin_site:KK@1; n_terminal_susceptible:A; Q_value:-757_cal/mol(not_bitter)",0.6875
AWK,3,403.5,1.0,-1.0,0.1,0.15,1.0,0.9,0.0,0.1715,moderate_hydrophobic_moment:1.88; moderate_hydrophobic_fraction:0.67; good_charged_fraction:0.33; hydrophilic:-1.00; chymotrypsin_site:W@1; n_terminal_susceptible:A; Q_value:743_cal/mol(not_bitter),0.7668
IPI,3,341.5,0.0,2.467,0.0,0.3,0.2583,1.0,0.625,1.0,high_hydrophobic_fraction:1.00; high_GRAVY:2.47; n_terminal_susceptible:I; Q_value:2853_cal/mol(bitter); bitter_dipeptide:IP@0; bitter_dipeptide:PI@1,0.6004
FY,2,328.4,0.0,0.75,0.1,0.0,0.6875,1.0,0.0,1.0,moderate_hydrophobic_moment:1.64; moderate_GRAVY:0.75; chymotrypsin_site:F@0; Q_value:2760_cal/mol(bitter),0.6125
GPV,3,271.2,0.0,0.733,0.1,0.15,0.6917,1.0,0.625,0.6183,moderate_hydrophobic_moment:1.69; moderate_hydrophobic_fraction:0.67; moderate_GRAVY:0.73; n_terminal_susceptible:G; Q_value:1437_cal/mol(bitter); bitter_dipeptide:PV@1,0.7418
IPP,3,325.4,0.0,0.433,0.1,0.4,0.7667,1.0,0.625,1.0,moderate_hydrophobic_moment:2.12; high_hydrophobic_fraction:1.00; high_hydrophobic_moment:2.12; moderate_GRAVY:0.43; n_terminal_susceptible:I; Q_value:2737_cal/mol(bitter); bitter_dipeptide:IP@0,0.6621
KVLPVP,6,651.7,1.0,0.85,0.0,0.3,0.5125,0.9241,0.85,0.895,high_hydrophobic_fraction:0.83; moderate_GRAVY:0.85; hydrophobic_stretch:5; moderate_MW:652; n_terminal_susceptible:K; Q_value:1590_cal/mol(bitter); bitter_dipeptide:VL@1; bitter_dipeptide:LP@2; bitter_dipeptide:PV@3; bitter_dipeptide:VP@4,0.6932
VEELKPTPEGDLEILLQK,18,2051.2,-3.0,-0.511,0.0,0.0,1.0,0.2,0.9559,0.3997,good_charged_fraction:0.39; high_MW:2051; charged:-3; hydrophilic:-0.51; many_hbond_donors:12; n_terminal_susceptible:V; Q_value:866_cal/mol(not_bitter); bitter_dipeptide:IL@13; bitter_dipeptide:LL@14,0.8534
AYFYPEL,7,902.0,-1.0,0.1,0.0,0.15,0.85,0.6,0.125,0.8043,moderate_hydrophobic_fraction:0.57; moderate_GRAVY:0.10; high_MW:902; chymotrypsin_site:Y@1; chymotrypsin_site:F@2; chymotrypsin_site:Y@3; n_terminal_susceptible:A; Q_value:2009_cal/mol(bitter),0.6556
LW,2,317.4,0.0,1.45,0.1,0.4,0.5125,1.0,1.0,1.0,moderate_hydrophobic_moment:2.03; high_hydrophobic_fraction:1.00; high_hydrophobic_moment:2.03; high_GRAVY:1.45; Q_value:2710_cal/mol(bitter); bitter_dipeptide:LW@0,0.6675
LHY,3,431.6,0.0,-0.233,0.1,0.1,0.9333,1.0,0.625,0.7783,moderate_hydrophobic_moment:2.07; high_hydrophobic_moment:2.07; n_terminal_susceptible:L; Q_value:1957_cal/mol(bitter),0.7737
RELEELNVPGEIVES,15,1712.6,-4.0,-0.52,0.0,0.0,1.0,0.0,0.9464,0.3874,good_charged_fraction:0.40; high_MW:1713; high_charge:-4; hydrophilic:-0.52; many_hbond_donors:13; n_terminal_susceptible:R; Q_value:812_cal/mol(not_bitter); bitter_dipeptide:VP@7; bitter_dipeptide:IV@11,0.8339
GFHI,4,472.6,0.0,0.925,0.0,0.0,0.6438,1.0,0.25,0.575,moderate_GRAVY:0.92; chymotrypsin_site:F@1; n_terminal_susceptible:G; Q_value:1550_cal/mol(bitter),0.73
VPP,3,311.3,0.0,0.333,0.1,0.4,0.7917,1.0,0.625,1.0,moderate_hydrophobic_moment:2.02; high_hydrophobic_fraction:1.00; high_hydrophobic_moment:2.02; moderate_GRAVY:0.33; n_terminal_susceptible:V; Q_value:2310_cal/mol(bitter); bitter_dipeptide:VP@0,0.6671
AW,2,275.3,0.0,0.45,0.0,0.3,0.7625,1.0,1.0,0.7325,high_hydrophobic_fraction:1.00; moderate_GRAVY:0.45; Q_value:1865_cal/mol(bitter),0.7976
LPHSGY,6,672.7,0.0,-0.583,0.0,0.0,1.0,0.8136,0.85,0.53,moderate_MW:673; hydrophilic:-0.58; n_terminal_susceptible:L; Q_value:1365_cal/mol(borderline); bitter_dipeptide:LP@0,0.8794
FAGDDAPRA,9,918.9,-1.0,-0.589,0.0,0.15,1.0,0.3,0.7188,0.1674,moderate_hydrophobic_fraction:0.56; good_charged_fraction:0.33; high_MW:919; hydrophilic:-0.59; many_hbond_donors:7; chymotrypsin_site:F@0; n_terminal_susceptible:F; Q_value:726_cal/mol(not_bitter),0.8402
PYSFK,5,640.7,1.0,-0.96,0.0,0.0,1.0,0.8296,0.25,0.2926,moderate_MW:641; hydrophilic:-0.96; chymotrypsin_site:Y@1; chymotrypsin_site:F@3; Q_value:1268_cal/mol(not_bitter),0.8266
NANEEEYSIG,10,1125.0,-3.0,-1.37,0.0,0.0,1.0,0.2,0.75,0.1332,high_MW:1125; charged:-3; hydrophilic:-1.37; many_hbond_donors:9; chymotrypsin_site:Y@6; n_terminal_susceptible:N; Q_value:577_cal/mol(not_bitter),0.8625
AEWH,4,541.6,-1.0,-1.45,0.0,0.0,1.0,0.8792,0.25,0.2429,moderate_MW:542; hydrophilic:-1.45; chymotrypsin_site:W@2; n_terminal_susceptible:A; Q_value:1052_cal/mol(not_bitter),0.839
AY,2,252.3,0.0,0.25,0.0,0.0,0.8125,1.0,1.0,0.7,moderate_GRAVY:0.25; Q_value:1800_cal/mol(bitter),0.8575
VHVV,4,452.5,0.0,2.35,0.1,0.4,0.2875,1.0,0.75,0.5062,moderate_hydrophobic_moment:2.18; high_hydrophobic_fraction:0.75; high_hydrophobic_moment:2.18; high_GRAVY:2.35; n_terminal_susceptible:V; Q_value:1412_cal/mol(bitter),0.6591
DAQEKLE,7,831.9,-2.0,-1.757,0.1,0.0,1.0,0.2,0.875,0.0412,moderate_hydrophobic_moment:1.58; good_charged_fraction:0.57; high_MW:832; charged:-2; hydrophilic:-1.76; many_hbond_donors:7; n_terminal_susceptible:D; Q_value:179_cal/mol(not_bitter),0.8701
VPL,3,327.4,0.0,2.133,0.0,0.3,0.3417,1.0,0.625,1.0,high_hydrophobic_fraction:1.00; high_GRAVY:2.13; n_terminal_susceptible:V; Q_value:2243_cal/mol(bitter); bitter_dipeptide:VP@0; bitter_dipeptide:PL@1,0.6171
KLPGF,5,560.6,1.0,0.14,0.0,0.15,0.84,0.9697,0.8125,0.3857,moderate_hydrophobic_fraction:0.60; moderate_GRAVY:0.14; moderate_MW:561; n_terminal_susceptible:K; Q_value:1238_cal/mol(not_bitter); bitter_dipeptide:LP@1,0.8565
TTMPLW,6,747.8,0.0,0.3,0.0,0.15,0.8,0.8761,0.85,0.7117,moderate_hydrophobic_fraction:0.67; moderate_GRAVY:0.30; moderate_MW:748; n_terminal_susceptible:T; Q_value:1423_cal/mol(bitter); bitter_dipeptide:PL@3; bitter_dipeptide:LW@4,0.7959
SWLRL,5,673.8,1.0,0.28,0.0,0.15,0.805,0.7131,0.4375,0.524,moderate_hydrophobic_fraction:0.60; moderate_GRAVY:0.28; moderate_MW:674; many_hbond_donors:7; chymotrypsin_site:W@1; n_terminal_susceptible:S; Q_value:1362_cal/mol(borderline); bitter_dipeptide:WL@1,0.7468
GYPMYPLPR,9,1093.2,1.0,-0.733,0.0,0.15,1.0,0.3,0.5312,0.9217,moderate_hydrophobic_fraction:0.56; high_MW:1093; hydrophilic:-0.73; many_hbond_donors:7; chymotrypsin_site:Y@1; chymotrypsin_site:Y@4; n_terminal_susceptible:G; Q_value:1843_cal/mol(bitter); bitter_dipeptide:PL@5; bitter_dipeptide:LP@6,0.6989
YFCLT,5,645.8,0.0,1.42,0.0,0.0,0.52,0.9271,0.0625,0.654,high_GRAVY:1.42; moderate_MW:646; chymotrypsin_site:Y@0; chymotrypsin_site:F@1; n_terminal_susceptible:Y; Q_value:1708_cal/mol(bitter),0.658
FKGL,4,463.6,1.0,0.575,0.1,0.1,0.7312,1.0,0.25,0.206,moderate_hydrophobic_moment:2.26; high_hydrophobic_moment:2.26; moderate_GRAVY:0.57; chymotrypsin_site:F@0; n_terminal_susceptible:F; Q_value:892_cal/mol(not_bitter),0.7629
FQKVVA,6,690.8,1.0,0.933,0.1,0.15,0.6417,0.9046,0.55,0.1985,moderate_hydrophobic_moment:1.86; moderate_hydrophobic_fraction:0.67; moderate_GRAVY:0.93; moderate_MW:691; chymotrypsin_site:F@0; n_terminal_susceptible:F; Q_value:860_cal/mol(not_bitter),0.774
GRP,3,328.3,1.0,-2.167,0.0,0.0,1.0,0.7,0.625,0.1454,good_charged_fraction:0.33; too_hydrophilic:-2.17; n_terminal_susceptible:G; Q_value:630_cal/mol(not_bitter),0.8919
SVNVPLY,7,790.8,0.0,0.714,0.0,0.15,0.6964,0.8546,0.875,0.7779,moderate_hydrophobic_fraction:0.57; moderate_GRAVY:0.71; moderate_MW:791; n_terminal_susceptible:S; Q_value:1556_cal/mol(bitter); bitter_dipeptide:VP@3; bitter_dipeptide:PL@4,0.7668
FQK,3,421.6,1.0,-1.533,0.1,0.1,1.0,0.9,0.0,0.0808,moderate_hydrophobic_moment:2.46; high_hydrophobic_moment:2.46; good_charged_fraction:0.33; hydrophilic:-1.53; chymotrypsin_site:F@0; n_terminal_susceptible:F; Q_value:350_cal/mol(not_bitter),0.7879
IF,2,278.4,0.0,3.65,0.1,0.4,0.0,0.8,1.0,1.0,moderate_hydrophobic_moment:2.43; high_hydrophobic_fraction:1.00; high_hydrophobic_moment:2.43; high_GRAVY:3.65; too_hydrophobic:3.65; Q_value:2810_cal/mol(bitter); bitter_dipeptide:IF@0,0.545
YPK,3,406.5,1.0,-2.267,0.0,0.0,1.0,0.7,0.0,0.36,good_charged_fraction:0.33; too_hydrophilic:-2.27; chymotrypsin_site:Y@0; n_terminal_susceptible:Y; Q_value:1330_cal/mol(borderline),0.766
KP,2,243.3,1.0,-2.75,0.3,0.0,1.0,0.7,1.0,0.1292,cationic_density:0.50; moderate_hydrophobic_moment:1.98; good_charged_fraction:0.50; too_hydrophilic:-2.75; Q_value:560_cal/mol(not_bitter),0.8756
WVYY,4,629.7,0.0,0.175,0.0,0.0,0.8313,0.9352,0.0,1.0,moderate_GRAVY:0.17; moderate_MW:630; chymotrypsin_site:W@0; chymotrypsin_site:Y@2; n_terminal_susceptible:W; Q_value:2608_cal/mol(bitter); bitter_dipeptide:WV@0,0.6598
PPHMLP,6,690.8,0.0,-0.383,0.0,0.3,0.9708,0.9046,1.0,0.9133,high_hydrophobic_fraction:0.83; moderate_MW:691; Q_value:2027_cal/mol(bitter); bitter_dipeptide:LP@4,0.8026
GPL,3,285.3,0.0,0.6,0.1,0.15,0.725,1.0,0.625,0.74,moderate_hydrophobic_moment:1.56; moderate_hydrophobic_fraction:0.67; moderate_GRAVY:0.60; n_terminal_susceptible:G; Q_value:1680_cal/mol(bitter); bitter_dipeptide:PL@1,0.7303
PCHDY,5,633.7,-1.0,-1.42,0.0,0.0,1.0,0.8331,1.0,0.488,moderate_MW:634; hydrophilic:-1.42; Q_value:1394_cal/mol(borderline),0.9101
HKEMPFPK,8,1013.2,1.0,-1.625,0.0,0.0,1.0,0.3,0.6786,0.3924,good_charged_fraction:0.38; high_MW:1013; hydrophilic:-1.62; many_hbond_donors:7; chymotrypsin_site:F@5; n_terminal_susceptible:H; Q_value:834_cal/mol(not_bitter); bitter_dipeptide:PF@4; bitter_dipeptide:FP@5,0.8229
VY,2,280.3,0.0,1.45,0.1,0.1,0.5125,1.0,1.0,0.94,moderate_hydrophobic_moment:2.30; high_hydrophobic_moment:2.30; high_GRAVY:1.45; Q_value:2280_cal/mol(bitter),0.7215
DKIHPF,6,755.9,0.0,-0.817,0.1,0.1,1.0,0.772,0.85,0.3777,moderate_hydrophobic_moment:2.03; high_hydrophobic_moment:2.03; good_charged_fraction:0.33; moderate_MW:756; hydrophilic:-0.82; n_terminal_susceptible:D; Q_value:1203_cal/mol(not_bitter); bitter_dipeptide:PF@4,0.858
DHHQ,4,535.7,-1.0,-3.35,0.0,0.0,1.0,0.4822,0.75,0.0554,moderate_MW:536; too_hydrophilic:-3.35; many_hbond_donors:7; n_terminal_susceptible:D; Q_value:240_cal/mol(not_bitter),0.9024
IPAVF,5,545.6,0.0,2.34,0.1,0.3,0.14,0.9772,0.8125,1.0,moderate_hydrophobic_moment:1.67; high_hydrophobic_fraction:1.00; high_GRAVY:2.34; hydrophobic_stretch:5; moderate_MW:546; n_terminal_susceptible:I; Q_value:2132_cal/mol(bitter); bitter_dipeptide:IP@0; bitter_dipeptide:VF@3,0.5776
GSSH,4,386.4,0.0,-1.3,0.0,0.0,1.0,0.9,0.75,0.0,hydrophilic:-1.30; n_terminal_susceptible:G; Q_value:-5_cal/mol(not_bitter),0.9525
VAWWMY,6,854.9,0.0,0.8,0.0,0.3,0.525,0.6,0.25,0.8492,high_hydrophobic_fraction:0.83; moderate_GRAVY:0.80; hydrophobic_stretch:5; high_MW:855; chymotrypsin_site:W@2; chymotrypsin_site:W@3; n_terminal_susceptible:V; Q_value:2098_cal/mol(bitter),0.5801
YQEPVL,6,747.8,-1.0,-0.317,0.0,0.0,0.9542,0.8761,0.55,0.7833,moderate_MW:748; chymotrypsin_site:Y@0; n_terminal_susceptible:Y; Q_value:1567_cal/mol(bitter); bitter_dipeptide:PV@3; bitter_dipeptide:VL@4,0.7934
GLP,3,285.3,0.0,0.6,0.0,0.15,0.725,1.0,0.625,0.74,moderate_hydrophobic_fraction:0.67; moderate_GRAVY:0.60; n_terminal_susceptible:G; Q_value:1680_cal/mol(bitter); bitter_dipeptide:LP@1,0.7552
WR,2,360.4,1.0,-2.7,0.3,0.1,1.0,0.5,0.0,0.2619,cationic_density:0.50; moderate_hydrophobic_moment:2.22; high_hydrophobic_moment:2.22; good_charged_fraction:0.50; too_hydrophilic:-2.70; many_hbond_donors:6; chymotrypsin_site:W@0; Q_value:1135_cal/mol(not_bitter),0.6707
LIVTQTMK,8,933.2,1.0,0.7,0.0,0.0,0.7,0.4,0.8929,0.3725,moderate_GRAVY:0.70; high_MW:933; many_hbond_donors:6; n_terminal_susceptible:L; Q_value:748_cal/mol(not_bitter); bitter_dipeptide:LI@0; bitter_dipeptide:IV@1,0.8081
VGPV,4,370.3,0.0,1.6,0.1,0.4,0.475,1.0,0.75,0.65,moderate_hydrophobic_moment:2.15; high_hydrophobic_fraction:0.75; high_hydrophobic_moment:2.15; high_GRAVY:1.60; n_terminal_susceptible:V; Q_value:1500_cal/mol(bitter); bitter_dipeptide:PV@2,0.675
PGPER,5,554.4,0.0,-2.32,0.0,0.0,1.0,0.4728,1.0,0.2035,good_charged_fraction:0.40; moderate_MW:554; too_hydrophilic:-2.32; many_hbond_donors:6; Q_value:882_cal/mol(not_bitter),0.9167
HLPLP,5,575.7,0.0,0.24,0.0,0.3,0.815,0.9621,0.8125,1.0,high_hydrophobic_fraction:0.80; moderate_GRAVY:0.24; moderate_MW:576; n_terminal_susceptible:H; Q_value:2132_cal/mol(bitter); bitter_dipeptide:LP@1; bitter_dipeptide:PL@2; bitter_dipeptide:LP@3,0.7361
GPGA,4,300.2,0.0,-0.15,0.0,0.0,0.9125,1.0,0.75,0.1933,n_terminal_susceptible:G; Q_value:838_cal/mol(not_bitter),0.916
VF,2,264.3,0.0,3.5,0.1,0.4,0.0,0.8,1.0,0.985,moderate_hydrophobic_moment:2.31; high_hydrophobic_fraction:1.00; high_hydrophobic_moment:2.31; high_GRAVY:3.50; too_hydrophobic:3.50; Q_value:2170_cal/mol(bitter); bitter_dipeptide:VF@0,0.5473
EFLLAGNNK,9,1005.1,0.0,-0.289,0.0,0.0,0.9472,0.4,0.8125,0.3646,high_MW:1005; many_hbond_donors:7; chymotrypsin_site:F@1; Q_value:713_cal/mol(not_bitter); bitter_dipeptide:FL@1; bitter_dipeptide:LL@2,0.8466
WP,2,301.3,0.0,-1.25,0.0,0.3,1.0,0.9,0.0,1.0,high_hydrophobic_fraction:1.00; hydrophilic:-1.25; chymotrypsin_site:W@0; Q_value:2810_cal/mol(bitter),0.645
IPAVFK,6,673.8,1.0,1.3,0.1,0.4,0.4,0.9131,0.55,0.7633,moderate_hydrophobic_moment:2.04; high_hydrophobic_fraction:0.83; high_hydrophobic_moment:2.04; high_GRAVY:1.30; hydrophobic_stretch:5; moderate_MW:674; chymotrypsin_site:F@4; n_terminal_susceptible:I; Q_value:1527_cal/mol(bitter); bitter_dipeptide:IP@0; bitter_dipeptide:VF@3,0.6043
MF,2,296.4,0.0,2.35,0.1,0.3,0.2875,1.0,1.0,0.7875,moderate_hydrophobic_moment:1.55; high_hydrophobic_fraction:1.00; high_GRAVY:2.35; Q_value:1975_cal/mol(bitter),0.6694
LKPTPEGDL,9,969.0,-1.0,-0.844,0.0,0.0,1.0,0.5,0.9062,0.2046,good_charged_fraction:0.33; high_MW:969; hydrophilic:-0.84; n_terminal_susceptible:L; Q_value:887_cal/mol(not_bitter),0.9052
EQHQ,4,540.7,-1.0,-3.425,0.0,0.0,1.0,0.4797,1.0,0.0162,moderate_MW:541; too_hydrophilic:-3.42; many_hbond_donors:7; Q_value:70_cal/mol(not_bitter),0.9455
LPQNIPPL,8,891.1,0.0,0.037,0.1,0.3,0.8656,0.6,0.8929,1.0,moderate_hydrophobic_moment:1.92; high_hydrophobic_fraction:0.75; moderate_GRAVY:0.04; high_MW:891; n_terminal_susceptible:L; Q_value:1934_cal/mol(bitter); bitter_dipeptide:LP@0; bitter_dipeptide:IP@4; bitter_dipeptide:PL@6,0.6971
IPIQY,5,632.8,0.0,0.52,0.0,0.15,0.745,0.9336,0.8125,1.0,moderate_hydrophobic_fraction:0.60; moderate_GRAVY:0.52; moderate_MW:633; n_terminal_susceptible:I; Q_value:2266_cal/mol(bitter); bitter_dipeptide:IP@0; bitter_dipeptide:PI@1,0.7417
GPAE,4,372.3,-1.0,-0.925,0.0,0.0,1.0,0.9,0.75,0.1875,hydrophilic:-0.93; n_terminal_susceptible:G; Q_value:812_cal/mol(not_bitter),0.9244
YWDHNNPQIR,10,1342.5,0.0,-2.1,0.0,0.0,1.0,0.1,0.5833,0.2518,high_MW:1342; too_hydrophilic:-2.10; many_hbond_donors:16; chymotrypsin_site:Y@0; chymotrypsin_site:W@1; n_terminal_susceptible:Y; Q_value:1091_cal/mol(not_bitter),0.8097
IIAEK,5,572.7,0.0,0.68,0.0,0.15,0.805,0.9636,0.8125,0.234,moderate_hydrophobic_fraction:0.60; moderate_GRAVY:0.68; good_charged_fraction:0.40; moderate_MW:573; n_terminal_susceptible:I; Q_value:1014_cal/mol(not_bitter),0.8716
RY,2,337.4,1.0,-2.9,0.3,0.1,1.0,0.5,1.0,0.2469,cationic_density:0.50; moderate_hydrophobic_moment:2.23; high_hydrophobic_moment:2.23; good_charged_fraction:0.50; too_hydrophilic:-2.90; many_hbond_donors:6; Q_value:1070_cal/mol(not_bitter),0.823
RVPSL,5,570.6,1.0,0.22,0.1,0.15,0.82,0.7647,0.8125,0.3631,moderate_hydrophobic_moment:1.58; moderate_hydrophobic_fraction:0.60; moderate_GRAVY:0.22; moderate_MW:571; many_hbond_donors:6; n_terminal_susceptible:R; Q_value:1140_cal/mol(not_bitter); bitter_dipeptide:VP@1,0.8104
QDGHF,5,602.6,-1.0,-1.56,0.0,0.0,1.0,0.8487,1.0,0.1398,moderate_MW:603; hydrophilic:-1.56; Q_value:606_cal/mol(not_bitter),0.9639
PGPLGLTGP,9,807.7,0.0,0.1,0.0,0.15,0.85,0.6,1.0,0.5333,moderate_hydrophobic_fraction:0.56; moderate_GRAVY:0.10; high_MW:808; Q_value:1367_cal/mol(borderline); bitter_dipeptide:PL@2,0.8275
LPYPY,5,651.7,0.0,-0.4,0.0,0.15,0.975,0.9241,0.4375,1.0,moderate_hydrophobic_fraction:0.60; moderate_MW:652; chymotrypsin_site:Y@2; n_terminal_susceptible:L; Q_value:2680_cal/mol(bitter); bitter_dipeptide:LP@0,0.7305
HIRL,4,537.8,1.0,0.15,0.0,0.0,0.8375,0.7811,0.75,0.32,moderate_GRAVY:0.15; moderate_MW:538; many_hbond_donors:7; n_terminal_susceptible:H; Q_value:1310_cal/mol(borderline),0.8601
VHYAGTVDY,9,1024.0,-1.0,-0.022,0.0,0.0,0.8806,0.4,0.7188,0.2546,high_MW:1024; many_hbond_donors:6; chymotrypsin_site:Y@2; n_terminal_susceptible:V; Q_value:1103_cal/mol(not_bitter),0.8357
AF,2,236.3,0.0,2.3,0.1,0.3,0.3,1.0,1.0,0.645,moderate_hydrophobic_moment:1.53; high_hydrophobic_fraction:1.00; high_GRAVY:2.30; Q_value:1690_cal/mol(bitter),0.6933
AKSPLF,6,661.8,1.0,0.35,0.0,0.15,0.7875,0.9191,0.85,0.4546,moderate_hydrophobic_fraction:0.67; moderate_GRAVY:0.35; moderate_MW:662; n_terminal_susceptible:A; Q_value:1103_cal/mol(not_bitter); bitter_dipeptide:PL@3; bitter_dipeptide:LF@4,0.8362
FLQP,4,503.7,0.0,0.375,0.1,0.3,0.7812,0.9982,0.25,0.8488,moderate_hydrophobic_moment:1.96; high_hydrophobic_fraction:0.75; moderate_GRAVY:0.37; moderate_MW:504; chymotrypsin_site:F@0; n_terminal_susceptible:F; Q_value:1898_cal/mol(bitter); bitter_dipeptide:FL@0,0.6463
GVPMPNK,7,741.7,1.0,-0.7,0.0,0.15,1.0,0.7791,0.875,0.3186,moderate_hydrophobic_fraction:0.57; moderate_MW:742; hydrophilic:-0.70; n_terminal_susceptible:G; Q_value:947_cal/mol(not_bitter); bitter_dipeptide:VP@1,0.8889
YPFPGPI,7,789.8,0.0,0.114,0.0,0.3,0.8464,0.8551,0.375,1.0,high_hydrophobic_fraction:0.71; moderate_GRAVY:0.11; moderate_MW:790; chymotrypsin_site:Y@0; chymotrypsin_site:F@2; n_terminal_susceptible:Y; Q_value:2336_cal/mol(bitter); bitter_dipeptide:PF@1; bitter_dipeptide:FP@2; bitter_dipeptide:PI@5,0.666
LDQW,4,560.7,-1.0,-1.025,0.1,0.0,1.0,0.8697,0.75,0.31,moderate_hydrophobic_moment:1.85; moderate_MW:561; hydrophilic:-1.03; n_terminal_susceptible:L; Q_value:1305_cal/mol(borderline),0.878
LPYP,4,488.6,0.0,-0.175,0.0,0.3,0.9188,1.0,0.25,1.0,high_hydrophobic_fraction:0.75; chymotrypsin_site:Y@2; n_terminal_susceptible:L; Q_value:2632_cal/mol(bitter); bitter_dipeptide:LP@0,0.6763
TPVVVPPFLQP,11,1193.2,0.0,0.782,0.0,0.3,0.3795,0.6,0.775,1.0,high_hydrophobic_fraction:0.82; moderate_GRAVY:0.78; long_hydrophobic_stretch:8; high_MW:1193; chymotrypsin_site:F@7; n_terminal_susceptible:T; Q_value:1829_cal/mol(bitter); bitter_dipeptide:PV@1; bitter_dipeptide:VP@4; bitter_dipeptide:PF@6; bitter_dipeptide:FL@7,0.6072
PAGNFLPP,8,811.8,0.0,-0.038,0.1,0.3,0.8844,0.6,0.7857,0.8475,moderate_hydrophobic_moment:1.51; high_hydrophobic_fraction:0.75; high_MW:812; chymotrypsin_site:F@4; Q_value:1695_cal/mol(bitter); bitter_dipeptide:FL@4; bitter_dipeptide:LP@5,0.7076
LPYPR,5,644.7,1.0,-1.04,0.0,0.15,1.0,0.6276,0.4375,0.88,moderate_hydrophobic_fraction:0.60; moderate_MW:645; hydrophilic:-1.04; many_hbond_donors:6; chymotrypsin_site:Y@2; n_terminal_susceptible:L; Q_value:1960_cal/mol(bitter); bitter_dipeptide:LP@0,0.7239
PGPIHNS,7,720.7,0.0,-0.943,0.0,0.0,1.0,0.7896,1.0,0.3766,moderate_MW:721; hydrophilic:-0.94; Q_value:1199_cal/mol(not_bitter); bitter_dipeptide:PI@2,0.9225
LLPH,4,478.7,0.0,0.7,0.1,0.3,0.7,1.0,0.75,1.0,moderate_hydrophobic_moment:1.92; high_hydrophobic_fraction:0.75; moderate_GRAVY:0.70; n_terminal_susceptible:L; Q_value:2010_cal/mol(bitter); bitter_dipeptide:LL@0; bitter_dipeptide:LP@1,0.6825
GPVRGPFPIIV,11,1151.1,1.0,0.918,0.0,0.3,0.4955,0.6,0.775,0.9682,high_hydrophobic_fraction:0.73; moderate_GRAVY:0.92; hydrophobic_stretch:6; high_MW:1151; chymotrypsin_site:F@6; n_terminal_susceptible:G; Q_value:1736_cal/mol(bitter); bitter_dipeptide:PV@1; bitter_dipeptide:PF@5; bitter_dipeptide:FP@6; bitter_dipeptide:PI@7; bitter_dipeptide:IV@9,0.6351
MPVQA,5,544.6,0.0,0.56,0.0,0.3,0.735,0.9777,0.8125,0.388,high_hydrophobic_fraction:0.80; moderate_GRAVY:0.56; moderate_MW:545; n_terminal_susceptible:M; Q_value:1248_cal/mol(not_bitter); bitter_dipeptide:PV@1,0.8134
EPFHPIL,7,852.0,-1.0,0.171,0.1,0.4,0.8321,0.6,0.75,1.0,moderate_hydrophobic_moment:2.01; high_hydrophobic_fraction:0.71; high_hydrophobic_moment:2.01; moderate_GRAVY:0.17; high_MW:852; chymotrypsin_site:F@2; Q_value:1966_cal/mol(bitter); bitter_dipeptide:PF@1; bitter_dipeptide:PI@4; bitter_dipeptide:IL@5,0.6539
TF,2,266.3,0.0,1.05,0.1,0.0,0.6125,1.0,1.0,0.2596,moderate_hydrophobic_moment:1.50; high_GRAVY:1.05; Q_value:1125_cal/mol(not_bitter),0.8586
KFGY,4,513.6,1.0,-0.7,0.1,0.0,1.0,0.8932,0.25,0.2319,moderate_hydrophobic_moment:1.54; moderate_MW:514; hydrophilic:-0.70; chymotrypsin_site:F@1; n_terminal_susceptible:K; Q_value:1005_cal/mol(not_bitter),0.817
PYPQ,4,503.6,0.0,-2.0,0.0,0.0,1.0,0.8982,0.5,0.8013,moderate_MW:504; hydrophilic:-2.00; chymotrypsin_site:Y@1; Q_value:2002_cal/mol(bitter),0.7946
QHPHGLGALCAAPPST,16,1556.8,0.0,-0.094,0.0,0.0,0.8984,0.4,1.0,0.2344,high_MW:1557; many_hbond_donors:9; Q_value:1016_cal/mol(not_bitter),0.8845
PPYIL,5,601.7,0.0,0.76,0.0,0.3,0.685,0.9491,0.625,1.0,high_hydrophobic_fraction:0.80; moderate_GRAVY:0.76; moderate_MW:602; chymotrypsin_site:Y@2; Q_value:2700_cal/mol(bitter); bitter_dipeptide:IL@3,0.6807
NWGPLV,6,684.6,0.0,0.267,0.0,0.15,0.8083,0.9077,0.55,0.8025,moderate_hydrophobic_fraction:0.67; moderate_GRAVY:0.27; moderate_MW:685; chymotrypsin_site:W@1; n_terminal_susceptible:N; Q_value:1605_cal/mol(bitter); bitter_dipeptide:PL@3; bitter_dipeptide:LV@4,0.7421
VPITPTL,7,739.8,0.0,1.129,0.0,0.3,0.5929,0.8801,0.875,0.8229,high_hydrophobic_fraction:0.71; high_GRAVY:1.13; moderate_MW:740; n_terminal_susceptible:V; Q_value:1646_cal/mol(bitter); bitter_dipeptide:VP@0; bitter_dipeptide:PI@1,0.7194
PGVLPVAS,8,738.7,0.0,1.2,0.0,0.3,0.425,0.8807,1.0,0.8169,high_hydrophobic_fraction:0.75; high_GRAVY:1.20; hydrophobic_stretch:5; moderate_MW:739; Q_value:1434_cal/mol(bitter); bitter_dipeptide:VL@2; bitter_dipeptide:LP@3; bitter_dipeptide:PV@4,0.7055
GQDKP,5,543.5,0.0,-2.58,0.0,0.0,1.0,0.6782,0.8125,0.0425,good_charged_fraction:0.40; moderate_MW:544; too_hydrophilic:-2.58; n_terminal_susceptible:G; Q_value:184_cal/mol(not_bitter),0.9333
SVPA,4,372.4,0.0,0.9,0.0,0.3,0.65,1.0,0.75,0.3735,high_hydrophobic_fraction:0.75; moderate_GRAVY:0.90; n_terminal_susceptible:S; Q_value:1185_cal/mol(not_bitter); bitter_dipeptide:VP@1,0.7915
TTGGKGGK,8,704.5,2.0,-1.35,0.0,0.0,1.0,0.4978,0.8929,0.0,moderate_MW:704; charged:+2; hydrophilic:-1.35; many_hbond_donors:6; n_terminal_susceptible:T; Q_value:-475_cal/mol(not_bitter),0.9337
KIHPF,5,640.8,1.0,-0.28,0.1,0.15,0.945,0.9296,0.8125,0.632,moderate_hydrophobic_moment:1.74; moderate_hydrophobic_fraction:0.60; moderate_MW:641; n_terminal_susceptible:K; Q_value:1464_cal/mol(bitter); bitter_dipeptide:PF@3,0.8115
LRSELAAWSR,10,1188.4,1.0,-0.38,0.0,0.0,0.97,0.4,0.75,0.1648,high_MW:1188; many_hbond_donors:14; chymotrypsin_site:W@7; n_terminal_susceptible:L; Q_value:714_cal/mol(not_bitter),0.8718
FGK,3,350.4,1.0,-0.5,0.1,0.1,1.0,1.0,0.0,0.0885,moderate_hydrophobic_moment:2.20; high_hydrophobic_moment:2.20; good_charged_fraction:0.33; chymotrypsin_site:F@0; n_terminal_susceptible:F; Q_value:383_cal/mol(not_bitter),0.7967
PPSV,4,398.4,0.0,0.05,0.0,0.3,0.8625,1.0,1.0,0.6288,high_hydrophobic_fraction:0.75; moderate_GRAVY:0.05; Q_value:1658_cal/mol(bitter),0.8332
VA,2,188.2,0.0,3.0,0.1,0.4,0.125,1.0,1.0,0.2792,moderate_hydrophobic_moment:2.14; high_hydrophobic_fraction:1.00; high_hydrophobic_moment:2.14; high_GRAVY:3.00; Q_value:1210_cal/mol(not_bitter),0.6981
VFVRN,5,633.6,1.0,0.64,0.0,0.15,0.715,0.7332,0.4375,0.44,moderate_hydrophobic_fraction:0.60; moderate_GRAVY:0.64; moderate_MW:634; many_hbond_donors:7; chymotrypsin_site:F@1; n_terminal_susceptible:V; Q_value:1040_cal/mol(not_bitter); bitter_dipeptide:VF@0; bitter_dipeptide:FV@1,0.7434
VAGTWY,6,695.6,0.0,0.45,0.0,0.0,0.7625,0.9022,0.55,0.33,moderate_GRAVY:0.45; moderate_MW:696; chymotrypsin_site:W@4; n_terminal_susceptible:V; Q_value:1315_cal/mol(borderline),0.8257
YPFP,4,522.6,0.0,-0.425,0.0,0.3,0.9813,0.9887,0.0,1.0,high_hydrophobic_fraction:0.75; moderate_MW:523; chymotrypsin_site:Y@0; chymotrypsin_site:F@2; n_terminal_susceptible:Y; Q_value:2690_cal/mol(bitter); bitter_dipeptide:PF@1; bitter_dipeptide:FP@2,0.6501
GFGPEL,6,618.5,-1.0,0.117,0.0,0.0,0.8458,0.9407,0.55,0.2919,moderate_GRAVY:0.12; moderate_MW:619; chymotrypsin_site:F@1; n_terminal_susceptible:G; Q_value:1265_cal/mol(not_bitter),0.852
FFVAP,5,579.6,0.0,2.0,0.0,0.3,0.225,0.9602,0.0625,1.0,high_hydrophobic_fraction:1.00; high_GRAVY:2.00; hydrophobic_stretch:5; moderate_MW:580; chymotrypsin_site:F@0; chymotrypsin_site:F@1; n_terminal_susceptible:F; Q_value:2068_cal/mol(bitter); bitter_dipeptide:FF@0; bitter_dipeptide:FV@1,0.5054
PA,2,186.2,0.0,0.1,0.0,0.3,0.85,1.0,1.0,0.6375,high_hydrophobic_fraction:1.00; moderate_GRAVY:0.10; Q_value:1675_cal/mol(bitter),0.8294
GPVRGPFPIIV,11,1151.1,1.0,0.918,0.0,0.3,0.4955,0.6,0.775,0.9682,high_hydrophobic_fraction:0.73; moderate_GRAVY:0.92; hydrophobic_stretch:6; high_MW:1151; chymotrypsin_site:F@6; n_terminal_susceptible:G; Q_value:1736_cal/mol(bitter); bitter_dipeptide:PV@1; bitter_dipeptide:PF@5; bitter_dipeptide:FP@6; bitter_dipeptide:PI@7; bitter_dipeptide:IV@9,0.6351
DKIHPF,6,755.9,0.0,-0.817,0.1,0.1,1.0,0.772,0.85,0.3777,moderate_hydrophobic_moment:2.03; high_hydrophobic_moment:2.03; good_charged_fraction:0.33; moderate_MW:756; hydrophilic:-0.82; n_terminal_susceptible:D; Q_value:1203_cal/mol(not_bitter); bitter_dipeptide:PF@4,0.858
GP,2,172.1,0.0,-1.0,0.0,0.0,1.0,0.9,1.0,0.32,hydrophilic:-1.00; Q_value:1310_cal/mol(borderline),0.942
GY,2,238.2,0.0,-0.85,0.0,0.0,1.0,0.9,1.0,0.5175,hydrophilic:-0.85; Q_value:1435_cal/mol(bitter),0.9124
YINQMPQKSRE,11,1393.6,1.0,-1.791,0.0,0.0,1.0,0.3,0.775,0.1433,high_MW:1394; hydrophilic:-1.79; many_hbond_donors:16; chymotrypsin_site:Y@0; n_terminal_susceptible:Y; Q_value:621_cal/mol(not_bitter),0.8748
PG,2,172.1,0.0,-1.0,0.0,0.0,1.0,0.9,1.0,0.32,hydrophilic:-1.00; Q_value:1310_cal/mol(borderline),0.942
GGSK,4,347.3,1.0,-1.375,0.0,0.0,1.0,0.9,0.75,0.0,hydrophilic:-1.38; n_terminal_susceptible:G; Q_value:-450_cal/mol(not_bitter),0.9525
YALPHA,6,670.8,0.0,0.217,0.1,0.15,0.8208,0.9146,0.55,0.7292,moderate_hydrophobic_moment:1.64; moderate_hydrophobic_fraction:0.67; moderate_GRAVY:0.22; moderate_MW:671; chymotrypsin_site:Y@0; n_terminal_susceptible:Y; Q_value:1658_cal/mol(bitter); bitter_dipeptide:LP@2,0.7313
LF,2,278.4,0.0,3.3,0.1,0.4,0.05,0.8,1.0,1.0,moderate_hydrophobic_moment:2.16; high_hydrophobic_fraction:1.00; high_hydrophobic_moment:2.16; high_GRAVY:3.30; too_hydrophobic:3.30; Q_value:2535_cal/mol(bitter); bitter_dipeptide:LF@0,0.555
GP,2,172.1,0.0,-1.0,0.0,0.0,1.0,0.9,1.0,0.32,hydrophilic:-1.00; Q_value:1310_cal/mol(borderline),0.942
VFPS,4,448.5,0.0,1.15,0.1,0.3,0.5875,1.0,0.25,0.8325,moderate_hydrophobic_moment:1.56; high_hydrophobic_fraction:0.75; high_GRAVY:1.15; chymotrypsin_site:F@1; n_terminal_susceptible:V; Q_value:1665_cal/mol(bitter); bitter_dipeptide:VF@0; bitter_dipeptide:FP@1,0.6101
EAK,3,346.4,0.0,-1.867,0.0,0.0,1.0,0.9,1.0,0.0,good_charged_fraction:0.67; hydrophilic:-1.87; Q_value:-290_cal/mol(not_bitter),0.99
AP,2,186.2,0.0,0.1,0.0,0.3,0.85,1.0,1.0,0.6375,high_hydrophobic_fraction:1.00; moderate_GRAVY:0.10; Q_value:1675_cal/mol(bitter),0.8294
YP,2,278.3,0.0,-1.45,0.0,0.0,1.0,0.9,0.0,1.0,hydrophilic:-1.45; chymotrypsin_site:Y@0; Q_value:2745_cal/mol(bitter),0.69
QMGPD,5,546.5,-1.0,-1.42,0.0,0.0,1.0,0.8767,1.0,0.1717,moderate_MW:547; hydrophilic:-1.42; Q_value:744_cal/mol(not_bitter),0.9619
KLYVG,5,578.6,1.0,0.48,0.0,0.0,0.755,0.9607,0.4375,0.2529,moderate_GRAVY:0.48; moderate_MW:579; chymotrypsin_site:Y@2; n_terminal_susceptible:K; Q_value:1096_cal/mol(not_bitter),0.8248
MEWVGP,6,717.6,-1.0,-0.05,0.1,0.15,0.8875,0.8912,0.55,0.6092,moderate_hydrophobic_moment:1.71; moderate_hydrophobic_fraction:0.67; moderate_MW:718; chymotrypsin_site:W@2; n_terminal_susceptible:M; Q_value:1418_cal/mol(bitter); bitter_dipeptide:WV@2,0.7602
PESMSM,6,680.7,-1.0,-0.483,0.0,0.0,0.9958,0.9096,1.0,0.1738,moderate_MW:681; Q_value:753_cal/mol(not_bitter),0.9641
AHAWVT,6,683.7,0.0,0.5,0.0,0.15,0.75,0.9081,0.55,0.3435,moderate_hydrophobic_fraction:0.67; moderate_GRAVY:0.50; moderate_MW:684; chymotrypsin_site:W@3; n_terminal_susceptible:A; Q_value:1055_cal/mol(not_bitter); bitter_dipeptide:WV@3,0.7993
HCVWCL,6,760.0,0.0,1.483,0.1,0.0,0.5042,0.87,0.55,0.7075,moderate_hydrophobic_moment:1.79; high_GRAVY:1.48; moderate_MW:760; chymotrypsin_site:W@3; n_terminal_susceptible:H; Q_value:1615_cal/mol(bitter); bitter_dipeptide:VW@2,0.6892
CSSDLM,6,654.8,-1.0,0.517,0.0,0.0,0.7458,0.9226,0.85,0.1546,moderate_GRAVY:0.52; moderate_MW:655; n_terminal_susceptible:C; Q_value:670_cal/mol(not_bitter),0.8957
GVKFMR,6,736.8,2.0,0.017,0.0,0.0,0.9708,0.5816,0.55,0.1312,moderate_GRAVY:0.02; good_charged_fraction:0.33; moderate_MW:737; charged:+2; many_hbond_donors:7; chymotrypsin_site:F@3; n_terminal_susceptible:G; Q_value:568_cal/mol(not_bitter),0.8652
FHYPKM,6,822.0,1.0,-0.883,0.0,0.0,1.0,0.5,0.25,0.51,high_MW:822; hydrophilic:-0.88; chymotrypsin_site:F@0; chymotrypsin_site:Y@2; n_terminal_susceptible:F; Q_value:1420_cal/mol(bitter),0.761
DFHNFF,6,825.9,-1.0,-0.3,0.1,0.0,0.95,0.6,0.25,0.5767,moderate_hydrophobic_moment:1.81; high_MW:826; chymotrypsin_site:F@1; chymotrypsin_site:F@4; n_terminal_susceptible:D; Q_value:1388_cal/mol(borderline); bitter_dipeptide:FF@4,0.726
CPFWVCF,7,901.1,0.0,1.757,0.0,0.3,0.4357,0.6,0.375,1.0,high_hydrophobic_fraction:0.71; high_GRAVY:1.76; high_MW:901; chymotrypsin_site:F@2; chymotrypsin_site:W@3; n_terminal_susceptible:C; Q_value:2087_cal/mol(bitter); bitter_dipeptide:PF@1; bitter_dipeptide:FW@2; bitter_dipeptide:WV@3,0.5584
QFDWNLS,7,909.0,-1.0,-0.8,0.0,0.0,1.0,0.3,0.5,0.2463,high_MW:909; hydrophilic:-0.80; many_hbond_donors:7; chymotrypsin_site:F@1; chymotrypsin_site:W@3; Q_value:1067_cal/mol(not_bitter),0.8181
TECKKLR,7,877.1,2.0,-1.457,0.0,0.0,1.0,0.2,0.625,0.0,good_charged_fraction:0.57; high_MW:877; charged:+2; hydrophilic:-1.46; many_hbond_donors:12; trypsin_site:KK@3; n_terminal_susceptible:T; Q_value:-116_cal/mol(not_bitter),0.8638
MCADP,5,535.6,-1.0,0.22,0.0,0.15,0.82,0.9822,0.8125,0.2562,moderate_hydrophobic_fraction:0.60; moderate_GRAVY:0.22; moderate_MW:536; n_terminal_susceptible:M; Q_value:1110_cal/mol(not_bitter),0.8732
EKKGFWK,7,922.0,2.0,-1.957,0.0,0.0,1.0,0.2,0.25,0.1346,good_charged_fraction:0.57; high_MW:922; charged:+2; hydrophilic:-1.96; many_hbond_donors:8; trypsin_site:KK@1; chymotrypsin_site:F@4; chymotrypsin_site:W@5; Q_value:150_cal/mol(not_bitter); bitter_dipeptide:FW@4,0.7873
VNCYTYW,7,948.0,0.0,-0.143,0.0,0.0,0.9107,0.4,0.375,0.5807,high_MW:948; many_hbond_donors:7; chymotrypsin_site:Y@3; chymotrypsin_site:Y@5; n_terminal_susceptible:V; Q_value:1561_cal/mol(bitter),0.7413
TELFKCI,7,853.1,0.0,0.786,0.1,0.1,0.6786,0.6,0.625,0.3321,moderate_hydrophobic_moment:2.18; high_hydrophobic_moment:2.18; moderate_GRAVY:0.79; high_MW:853; chymotrypsin_site:F@3; n_terminal_susceptible:T; Q_value:1006_cal/mol(not_bitter); bitter_dipeptide:LF@2,0.7497
YGSLKYY,7,893.0,1.0,-0.743,0.0,0.0,1.0,0.3,0.375,0.3371,high_MW:893; hydrophilic:-0.74; many_hbond_donors:6; chymotrypsin_site:Y@0; chymotrypsin_site:Y@5; n_terminal_susceptible:Y; Q_value:1319_cal/mol(borderline),0.7857
NREGYNMR,8,1039.0,1.0,-2.413,0.0,0.0,1.0,0.1,0.6786,0.0695,good_charged_fraction:0.38; high_MW:1039; too_hydrophilic:-2.41; many_hbond_donors:16; chymotrypsin_site:Y@4; n_terminal_susceptible:N; Q_value:301_cal/mol(not_bitter),0.8514
MYVAR,5,638.7,1.0,0.42,0.1,0.15,0.77,0.7306,0.4375,0.2705,moderate_hydrophobic_moment:1.68; moderate_hydrophobic_fraction:0.60; moderate_GRAVY:0.42; moderate_MW:639; many_hbond_donors:6; chymotrypsin_site:Y@1; n_terminal_susceptible:M; Q_value:1172_cal/mol(not_bitter),0.7546
NQFDVFNP,8,980.0,-1.0,-0.725,0.0,0.0,1.0,0.3,0.4643,0.3657,high_MW:980; hydrophilic:-0.73; many_hbond_donors:7; chymotrypsin_site:F@2; chymotrypsin_site:F@5; n_terminal_susceptible:N; Q_value:1151_cal/mol(not_bitter); bitter_dipeptide:VF@4,0.7948
KNMWFRFI,8,1141.4,2.0,-0.1,0.0,0.15,0.9,0.3,0.25,0.4954,moderate_hydrophobic_fraction:0.62; high_MW:1141; charged:+2; many_hbond_donors:10; chymotrypsin_site:W@3; chymotrypsin_site:F@4; chymotrypsin_site:F@6; n_terminal_susceptible:K; Q_value:1280_cal/mol(not_bitter); bitter_dipeptide:WF@3; bitter_dipeptide:FI@6,0.7007
QGHSCLYY,8,970.2,0.0,-0.525,0.0,0.0,1.0,0.3,0.7857,0.2694,high_MW:970; hydrophilic:-0.52; many_hbond_donors:8; chymotrypsin_site:Y@6; Q_value:1168_cal/mol(not_bitter),0.8574
CFGWVVIE,8,952.0,-1.0,1.675,0.0,0.15,0.4563,0.6,0.4643,0.8062,moderate_hydrophobic_fraction:0.62; high_GRAVY:1.67; high_MW:952; chymotrypsin_site:F@1; chymotrypsin_site:W@3; n_terminal_susceptible:C; Q_value:1612_cal/mol(bitter); bitter_dipeptide:WV@3; bitter_dipeptide:VI@5,0.6275
TRPYQATG,8,892.9,1.0,-1.363,0.0,0.0,1.0,0.3,0.6786,0.1324,high_MW:893; hydrophilic:-1.36; many_hbond_donors:10; chymotrypsin_site:Y@3; n_terminal_susceptible:T; Q_value:574_cal/mol(not_bitter),0.8619
QWDDDNGP,8,945.8,-3.0,-2.55,0.0,0.0,1.0,0.0,0.7857,0.1477,good_charged_fraction:0.38; high_MW:946; charged:-3; too_hydrophilic:-2.55; many_hbond_donors:8; chymotrypsin_site:W@1; Q_value:640_cal/mol(not_bitter),0.8457
QYCKHVF,7,924.2,1.0,-0.343,0.1,0.1,0.9607,0.4,0.75,0.337,moderate_hydrophobic_moment:2.09; high_hydrophobic_moment:2.09; high_MW:924; many_hbond_donors:8; chymotrypsin_site:Y@1; Q_value:1027_cal/mol(not_bitter); bitter_dipeptide:VF@5,0.8041
CNMVEYCE,8,990.1,-2.0,-0.088,0.1,0.0,0.8969,0.3,0.6786,0.2181,moderate_hydrophobic_moment:1.51; high_MW:990; charged:-2; many_hbond_donors:7; chymotrypsin_site:Y@5; n_terminal_susceptible:C; Q_value:945_cal/mol(not_bitter),0.8034
HGFW,4,545.6,0.0,-0.425,0.1,0.0,0.9812,0.9772,0.25,0.6787,moderate_hydrophobic_moment:1.56; moderate_MW:546; chymotrypsin_site:F@2; n_terminal_susceptible:H; Q_value:1558_cal/mol(bitter); bitter_dipeptide:FW@2,0.7547
NVIFY,5,654.7,0.0,1.34,0.1,0.15,0.54,0.9226,0.4375,1.0,moderate_hydrophobic_moment:1.62; moderate_hydrophobic_fraction:0.60; high_GRAVY:1.34; moderate_MW:655; chymotrypsin_site:F@3; n_terminal_susceptible:N; Q_value:2016_cal/mol(bitter); bitter_dipeptide:VI@1; bitter_dipeptide:IF@2,0.6184
PA,2,186.2,0.0,0.1,0.0,0.3,0.85,1.0,1.0,0.6375,high_hydrophobic_fraction:1.00; moderate_GRAVY:0.10; Q_value:1675_cal/mol(bitter),0.8294
GF,2,222.2,0.0,1.2,0.0,0.0,0.575,1.0,1.0,0.35,high_GRAVY:1.20; Q_value:1325_cal/mol(borderline),0.8625
RQ,2,302.4,1.0,-4.0,0.4,0.1,1.0,0.5,1.0,0.0,cationic_density:0.50; high_hydrophobic_moment:2.60; high_hydrophobic_moment:2.60; good_charged_fraction:0.50; too_hydrophilic:-4.00; many_hbond_donors:7; Q_value:-415_cal/mol(not_bitter),0.835
VC,2,220.3,0.0,3.35,0.1,0.1,0.0375,0.8,1.0,0.39,moderate_hydrophobic_moment:2.25; high_hydrophobic_moment:2.25; high_GRAVY:3.35; too_hydrophobic:3.35; Q_value:1345_cal/mol(borderline),0.689
KA,2,217.3,1.0,-1.05,0.3,0.1,1.0,0.9,1.0,0.0,cationic_density:0.50; moderate_hydrophobic_moment:2.29; high_hydrophobic_moment:2.29; good_charged_fraction:0.50; hydrophilic:-1.05; Q_value:-385_cal/mol(not_bitter),0.9
FM,2,296.4,0.0,2.35,0.1,0.3,0.2875,1.0,0.0,0.7875,moderate_hydrophobic_moment:1.55; high_hydrophobic_fraction:1.00; high_GRAVY:2.35; chymotrypsin_site:F@0; Q_value:1975_cal/mol(bitter),0.5194
AE,2,218.2,-1.0,-0.85,0.1,0.1,1.0,0.9,1.0,0.0727,moderate_hydrophobic_moment:2.10; high_hydrophobic_moment:2.10; good_charged_fraction:0.50; hydrophilic:-0.85; Q_value:315_cal/mol(not_bitter),0.9391
PM,2,246.3,0.0,0.15,0.0,0.3,0.8375,1.0,1.0,0.78,high_hydrophobic_fraction:1.00; moderate_GRAVY:0.15; Q_value:1960_cal/mol(bitter),0.8055
FNT,3,380.4,0.0,-0.467,0.1,0.0,0.9917,1.0,0.0,0.1654,moderate_hydrophobic_moment:1.73; chymotrypsin_site:F@0; n_terminal_susceptible:F; Q_value:717_cal/mol(not_bitter),0.7985
ATQ,3,318.4,0.0,-0.8,0.1,0.0,1.0,0.9,0.625,0.0177,moderate_hydrophobic_moment:1.75; hydrophilic:-0.80; n_terminal_susceptible:A; Q_value:77_cal/mol(not_bitter),0.9061
SKCIY,5,612.8,1.0,0.2,0.1,0.0,0.825,0.9436,0.8125,0.2326,moderate_hydrophobic_moment:1.90; moderate_GRAVY:0.20; moderate_MW:613; n_terminal_susceptible:S; Q_value:1008_cal/mol(not_bitter),0.8713
HCC,3,361.6,0.0,0.6,0.1,0.1,0.725,1.0,0.625,0.1985,moderate_hydrophobic_moment:2.07; high_hydrophobic_moment:2.07; moderate_GRAVY:0.60; n_terminal_susceptible:H; Q_value:860_cal/mol(not_bitter),0.819
TPT,3,317.3,0.0,-1.0,0.0,0.0,1.0,0.9,0.625,0.14,hydrophilic:-1.00; n_terminal_susceptible:T; Q_value:607_cal/mol(not_bitter),0.9128
HEY,3,447.5,-1.0,-2.667,0.0,0.0,1.0,0.7,0.625,0.2577,good_charged_fraction:0.33; too_hydrophilic:-2.67; n_terminal_susceptible:H; Q_value:1117_cal/mol(not_bitter),0.8751
INT,3,346.4,0.0,0.1,0.1,0.1,0.85,1.0,0.625,0.19,moderate_hydrophobic_moment:2.20; high_hydrophobic_moment:2.20; moderate_GRAVY:0.10; n_terminal_susceptible:I; Q_value:823_cal/mol(not_bitter),0.8452
LGFNG,5,506.4,0.0,0.46,0.0,0.0,0.76,0.9968,0.4375,0.2294,moderate_GRAVY:0.46; moderate_MW:506; chymotrypsin_site:F@2; n_terminal_susceptible:L; Q_value:994_cal/mol(not_bitter),0.8329
VHQIW,5,681.8,0.0,0.22,0.1,0.25,0.82,0.9091,0.8125,0.614,moderate_hydrophobic_moment:2.31; moderate_hydrophobic_fraction:0.60; high_hydrophobic_moment:2.31; moderate_GRAVY:0.22; moderate_MW:682; n_terminal_susceptible:V; Q_value:1628_cal/mol(bitter),0.7722
RMY,3,468.6,1.0,-1.3,0.0,0.0,1.0,0.7,0.625,0.2646,good_charged_fraction:0.33; hydrophilic:-1.30; many_hbond_donors:6; n_terminal_susceptible:R; Q_value:1147_cal/mol(not_bitter),0.8741
YPNQ,4,520.6,0.0,-2.475,0.0,0.0,1.0,0.6897,0.25,0.345,moderate_MW:521; too_hydrophilic:-2.48; chymotrypsin_site:Y@0; n_terminal_susceptible:Y; Q_value:1322_cal/mol(borderline),0.8047
EREI,4,545.6,-1.0,-1.75,0.1,0.0,1.0,0.6772,1.0,0.1177,moderate_hydrophobic_moment:1.92; good_charged_fraction:0.75; moderate_MW:546; hydrophilic:-1.75; many_hbond_donors:7; Q_value:510_cal/mol(not_bitter),0.9251
TSFA,4,424.5,0.0,0.775,0.0,0.0,0.6813,1.0,0.25,0.1546,moderate_GRAVY:0.77; chymotrypsin_site:F@2; n_terminal_susceptible:T; Q_value:670_cal/mol(not_bitter),0.8006
PIIF,4,488.7,0.0,2.55,0.0,0.3,0.2375,1.0,1.0,1.0,high_hydrophobic_fraction:1.00; high_GRAVY:2.55; Q_value:2802_cal/mol(bitter); bitter_dipeptide:PI@0; bitter_dipeptide:IF@2,0.6525
CFDG,4,440.5,-1.0,0.35,0.1,0.0,0.7875,1.0,0.25,0.2048,moderate_hydrophobic_moment:1.67; moderate_GRAVY:0.35; chymotrypsin_site:F@1; n_terminal_susceptible:C; Q_value:888_cal/mol(not_bitter),0.7893
RAFG,4,449.5,1.0,-0.075,0.1,0.0,0.8938,1.0,0.25,0.1529,moderate_hydrophobic_moment:1.93; chymotrypsin_site:F@2; n_terminal_susceptible:R; Q_value:662_cal/mol(not_bitter),0.8183
PVN,3,328.3,0.0,-0.3,0.1,0.15,0.95,1.0,1.0,0.6017,moderate_hydrophobic_moment:1.81; moderate_hydrophobic_fraction:0.67; Q_value:1403_cal/mol(bitter); bitter_dipeptide:PV@0,0.8522
GWPP,4,455.4,0.0,-1.125,0.0,0.3,1.0,0.9,0.25,0.83,high_hydrophobic_fraction:0.75; hydrophilic:-1.12; chymotrypsin_site:W@1; n_terminal_susceptible:G; Q_value:2060_cal/mol(bitter),0.708
GG,2,132.0,0.0,-0.4,0.0,0.0,0.975,1.0,1.0,0.0,Q_value:0_cal/mol(not_bitter),0.995
GAGA,4,274.2,0.0,0.7,0.0,0.0,0.7,1.0,0.75,0.0842,moderate_GRAVY:0.70; n_terminal_susceptible:G; Q_value:365_cal/mol(not_bitter),0.8899
AGAG,4,274.2,0.0,0.7,0.0,0.0,0.7,1.0,0.75,0.0842,moderate_GRAVY:0.70; n_terminal_susceptible:A; Q_value:365_cal/mol(not_bitter),0.8899
SS,2,192.2,0.0,-0.8,0.0,0.0,1.0,0.9,1.0,0.0,hydrophilic:-0.80; Q_value:-300_cal/mol(not_bitter),0.99
AA,2,160.2,0.0,1.8,0.0,0.3,0.425,1.0,1.0,0.1685,high_hydrophobic_fraction:1.00; high_GRAVY:1.80; Q_value:730_cal/mol(not_bitter),0.8147
GA,2,146.1,0.0,0.7,0.0,0.0,0.7,1.0,1.0,0.0842,moderate_GRAVY:0.70; Q_value:365_cal/mol(not_bitter),0.9274
SGSG,4,306.2,0.0,-0.6,0.0,0.0,1.0,0.9,0.75,0.0,hydrophilic:-0.60; n_terminal_susceptible:S; Q_value:-150_cal/mol(not_bitter),0.9525
SSSS,4,366.4,0.0,-0.8,0.0,0.0,1.0,0.9,0.75,0.0,hydrophilic:-0.80; n_terminal_susceptible:S; Q_value:-300_cal/mol(not_bitter),0.9525
PPPP,4,406.4,0.0,-1.6,0.0,0.3,1.0,0.9,1.0,1.0,high_hydrophobic_fraction:1.00; hydrophilic:-1.60; Q_value:2620_cal/mol(bitter),0.795
LLLL,4,470.8,0.0,3.8,0.0,0.3,0.0,0.8,0.75,1.0,high_hydrophobic_fraction:1.00; high_GRAVY:3.80; too_hydrophobic:3.80; n_terminal_susceptible:L; Q_value:2420_cal/mol(bitter); bitter_dipeptide:LL@0; bitter_dipeptide:LL@1; bitter_dipeptide:LL@2,0.5475
GGGG,4,246.0,0.0,-0.4,0.0,0.0,0.975,1.0,0.75,0.0,n_terminal_susceptible:G; Q_value:0_cal/mol(not_bitter),0.9575
AAAA,4,302.4,0.0,1.8,0.0,0.3,0.425,1.0,0.75,0.1685,high_hydrophobic_fraction:1.00; high_GRAVY:1.80; n_terminal_susceptible:A; Q_value:730_cal/mol(not_bitter),0.7772
AG,2,146.1,0.0,0.7,0.0,0.0,0.7,1.0,1.0,0.0842,moderate_GRAVY:0.70; Q_value:365_cal/mol(not_bitter),0.9274
GSGS,4,306.2,0.0,-0.6,0.0,0.0,1.0,0.9,0.75,0.0,hydrophilic:-0.60; n_terminal_susceptible:G; Q_value:-150_cal/mol(not_bitter),0.9525
