rank,sequence,length,mw,net_charge,gravy,toxicity,hemolysis,solubility,permeability,stability,bitterness,flags,developability,composite,pIC50,IC50_uM,bioactivity,low_toxicity,not_bitter,weighted_score
1,QDCNF,5,625.7,-1.0,-1.04,0.0,0.0,1.0,0.6371,1.0,0.1546,moderate_MW:626; hydrophilic:-1.04; many_hbond_donors:6; Q_value:670_cal/mol(not_bitter),0.9405,0.8454,4.824,14.99,1.0,1.0,1.0,1.0
2,DQNNL,5,602.6,-1.0,-2.04,0.0,0.0,1.0,0.4487,0.8,0.0932,moderate_MW:603; too_hydrophilic:-2.04; many_hbond_donors:7; n_terminal_susceptible:D; Q_value:404_cal/mol(not_bitter),0.9028,0.9068,4.824,14.99,1.0,1.0,1.0,0.9800000000000001
3,DQLDQ,5,617.7,-2.0,-2.04,0.1,0.1,1.0,0.3411,0.8,0.0932,moderate_hydrophobic_moment:2.32; high_hydrophobic_moment:2.32; good_charged_fraction:0.40; moderate_MW:618; charged:-2; too_hydrophilic:-2.04; many_hbond_donors:6; n_terminal_susceptible:D; Q_value:404_cal/mol(not_bitter),0.852,0.8068,4.824,14.99,1.0,1.0,1.0,0.9800000000000001
4,DPMNF,5,622.6,-1.0,-0.78,0.0,0.15,1.0,0.8387,0.8,0.294,moderate_hydrophobic_fraction:0.60; moderate_MW:623; hydrophilic:-0.78; n_terminal_susceptible:D; Q_value:1274_cal/mol(not_bitter),0.8891,0.706,4.824,14.99,1.0,1.0,1.0,0.9800000000000001
5,QFPNQ,5,632.7,0.0,-1.86,0.1,0.0,1.0,0.6336,0.6,0.3294,moderate_hydrophobic_moment:1.61; moderate_MW:633; hydrophilic:-1.86; many_hbond_donors:6; chymotrypsin_site:F@1; Q_value:994_cal/mol(not_bitter); bitter_dipeptide:FP@1,0.8327,0.5706,4.824,14.99,1.0,1.0,1.0,0.9600000000000001
6,DCQFE,5,640.7,-2.0,-1.04,0.0,0.0,1.0,0.7296,0.4,0.1546,good_charged_fraction:0.40; moderate_MW:641; charged:-2; hydrophilic:-1.04; chymotrypsin_site:F@3; n_terminal_susceptible:D; Q_value:670_cal/mol(not_bitter),0.8654,0.8454,4.824,14.99,1.0,1.0,1.0,0.9400000000000001
7,DHFNQ,5,659.7,-1.0,-2.18,0.1,0.1,1.0,0.4201,0.4,0.1352,moderate_hydrophobic_moment:2.11; high_hydrophobic_moment:2.11; moderate_MW:660; too_hydrophilic:-2.18; many_hbond_donors:7; chymotrypsin_site:F@2; n_terminal_susceptible:D; Q_value:586_cal/mol(not_bitter),0.7974,0.7648,4.824,14.99,1.0,1.0,1.0,0.9400000000000001
8,DCFDF,5,645.7,-2.0,0.22,0.1,0.0,0.8000000000000002,0.8271,0.4,0.2815,moderate_hydrophobic_moment:1.77; moderate_GRAVY:0.22; good_charged_fraction:0.40; moderate_MW:646; charged:-2; chymotrypsin_site:F@2; n_terminal_susceptible:D; Q_value:1220_cal/mol(not_bitter),0.8151,0.5385000000000001,4.824,14.99,1.0,1.0,1.0,0.9
9,HFGNL,5,586.6,0.0,-0.1,0.1,0.0,0.7500000000000001,0.9567,0.4,0.2562,moderate_hydrophobic_moment:1.73; moderate_MW:587; chymotrypsin_site:F@1; n_terminal_susceptible:H; Q_value:1110_cal/mol(not_bitter),0.8279,0.5438000000000001,4.824,14.99,1.0,1.0,1.0,0.89
10,AQCFE,5,596.7,-1.0,0.02,0.1,0.0,0.675,0.9516,0.4,0.1929,moderate_hydrophobic_moment:1.81; moderate_GRAVY:0.02; moderate_MW:597; chymotrypsin_site:F@3; n_terminal_susceptible:A; Q_value:836_cal/mol(not_bitter),0.8308,0.5771000000000001,4.824,14.99,1.0,1.0,1.0,0.8750000000000001
